sku,batch,warehouse,storage_location,qty,mfg_date,expiry_date
PH-002,B1032,Bengaluru,AMB,53,2025-05-02,2027-04-22
PH-002,B1042,Bengaluru,AMB,87,2025-05-01,2027-04-21
PH-002,B1045,Mysuru,AMB,129,2026-01-18,2028-01-08
PH-002,B1052,Hubballi,AMB,114,2026-02-14,2028-02-04
PH-003,B1059,Bengaluru,AMB,91,2025-10-21,2027-10-11
PH-003,B1064,Bengaluru,AMB,101,2025-07-27,2027-07-17
PH-003,B1074,Mysuru,AMB,84,2026-02-27,2028-02-17
PH-003,B1083,Mysuru,AMB,94,2025-08-19,2027-08-09
PH-003,B1092,Hubballi,AMB,104,2025-11-23,2027-11-13
PH-003,B1099,Hubballi,AMB,103,2026-04-10,2028-03-30
PH-005,B1135,Bengaluru,AMB,67,2025-07-30,2027-07-20
PH-005,B1140,Mysuru,AMB,95,2025-11-23,2027-11-13
PH-005,B1144,Hubballi,AMB,84,2026-07-13,2028-07-02
PH-006,B1153,Bengaluru,AMB,6,2026-03-28,2028-03-17
PH-006,B1160,Bengaluru,AMB,15,2026-03-18,2028-03-07
PH-006,B1168,Mysuru,AMB,5,2025-09-08,2027-08-29
PH-006,B1171,Hubballi,AMB,16,2025-08-03,2027-07-24
PH-007,B1179,Bengaluru,AMB,241,2026-08-31,2028-08-20
PH-007,B1189,Mysuru,AMB,416,2025-12-26,2027-12-16
PH-007,B1197,Mysuru,AMB,366,2025-05-16,2027-05-06
PH-007,B1207,Hubballi,AMB,604,2026-01-05,2027-12-26
PH-007,B1213,Hubballi,AMB,295,2026-03-13,2028-03-02
PH-008,B1221,Bengaluru,AMB,28,2026-09-10,2028-08-30
PH-008,B1227,Mysuru,AMB,22,2026-04-18,2028-04-07
PH-008,B1235,Mysuru,AMB,10,2026-09-19,2028-09-08
PH-008,B1241,Hubballi,AMB,17,2026-08-24,2028-08-13
PH-008,B1247,Hubballi,AMB,25,2025-09-16,2027-09-06
PH-009,B1255,Bengaluru,AMB,69,2025-06-12,2027-06-02
PH-009,B1264,Mysuru,AMB,139,2026-01-25,2028-01-15
PH-009,B1269,Mysuru,AMB,61,2025-09-29,2027-09-19
PH-009,B1273,Hubballi,AMB,89,2026-09-25,2028-09-14
PH-010,B1277,Bengaluru,AMB,137,2025-05-17,2027-05-07
PH-010,B1281,Mysuru,AMB,69,2025-04-13,2027-04-03
PH-010,B1291,Hubballi,AMB,98,2025-07-22,2027-07-12
PH-010,B1300,Hubballi,AMB,53,2025-07-09,2027-06-29
PH-011,B1303,Bengaluru,AMB,46,2025-10-17,2027-10-07
PH-011,B1310,Bengaluru,AMB,58,2025-08-15,2027-08-05
PH-011,B1314,Mysuru,AMB,113,2025-12-30,2027-12-20
PH-011,B1322,Mysuru,AMB,109,2026-03-13,2028-03-02
PH-011,B1331,Hubballi,AMB,123,2026-04-01,2028-03-21
PH-012,B1334,Bengaluru,AMB,86,2025-07-14,2027-07-04
PH-012,B1342,Bengaluru,AMB,136,2026-07-10,2028-06-29
PH-012,B1350,Mysuru,AMB,112,2026-02-07,2028-01-28
PH-012,B1355,Mysuru,AMB,92,2025-10-07,2027-09-27
PH-012,B1361,Hubballi,AMB,77,2026-08-16,2028-08-05
PH-012,B1366,Hubballi,AMB,72,2026-08-04,2028-07-24
PH-014,B1399,Bengaluru,CR-1,61,2026-08-19,2028-08-08
PH-014,B1405,Mysuru,CR-2,77,2025-11-23,2027-11-13
PH-014,B1410,Hubballi,CR-1,82,2025-05-26,2027-05-16
PH-015,B1418,Bengaluru,CR-1,126,2025-11-07,2027-10-28
PH-015,B1423,Bengaluru,CR-2,157,2025-03-31,2027-03-21
PH-015,B1430,Mysuru,CR-2,236,2025-03-07,2027-02-25
PH-015,B1435,Mysuru,CR-2,126,2026-01-01,2027-12-22
PH-015,B1443,Hubballi,CR-2,196,2025-03-05,2027-02-23
PH-016,B1448,Bengaluru,CR-2,166,2026-07-20,2028-07-09
PH-016,B1454,Bengaluru,CR-2,90,2025-10-17,2027-10-07
PH-016,B1462,Mysuru,CR-1,168,2025-05-11,2027-05-01
PH-016,B1470,Hubballi,CR-2,70,2025-10-19,2027-10-09
PH-016,B1474,Hubballi,CR-1,123,2025-04-23,2027-04-13
PH-017,B1481,Bengaluru,CR-1,197,2025-08-20,2027-08-10
PH-017,B1488,Mysuru,CR-1,152,2025-03-29,2027-03-19
PH-017,B1492,Mysuru,CR-2,106,2026-03-12,2028-03-01
PH-017,B1499,Hubballi,CR-1,160,2025-03-26,2027-03-16
PH-017,B1508,Hubballi,CR-2,212,2026-02-24,2028-02-14
PH-018,B1518,Bengaluru,CR-2,327,2026-09-13,2028-09-02
PH-018,B1527,Bengaluru,CR-2,216,2026-01-30,2028-01-20
PH-018,B1530,Mysuru,CR-1,168,2025-10-29,2027-10-19
PH-018,B1533,Hubballi,CR-1,158,2025-05-07,2027-04-27
PH-019,B1540,Bengaluru,AMB,11,2025-10-05,2027-09-25
PH-019,B1543,Bengaluru,AMB,9,2026-04-08,2028-03-28
PH-019,B1552,Mysuru,AMB,18,2025-06-14,2027-06-04
PH-019,B1560,Hubballi,AMB,16,2025-12-21,2027-12-11
PH-020,B1570,Bengaluru,AMB,15,2025-12-27,2027-12-17
PH-020,B1579,Mysuru,AMB,35,2025-05-21,2027-05-11
PH-020,B1587,Hubballi,AMB,22,2025-06-04,2027-05-25
PH-020,B1592,Hubballi,AMB,19,2025-07-03,2027-06-23
PH-021,B1595,Bengaluru,AMB,70,2026-01-24,2028-01-14
PH-021,B1600,Bengaluru,AMB,88,2026-09-22,2028-09-11
PH-021,B1609,Mysuru,AMB,31,2025-08-20,2027-08-10
PH-021,B1616,Mysuru,AMB,38,2025-11-16,2027-11-06
PH-021,B1622,Hubballi,AMB,88,2026-09-09,2028-08-29
PH-022,B1629,Bengaluru,AMB,71,2025-12-16,2027-12-06
PH-022,B1637,Mysuru,AMB,72,2026-02-04,2028-01-25
PH-022,B1646,Mysuru,AMB,42,2025-05-10,2027-04-30
PH-022,B1656,Hubballi,AMB,101,2025-09-13,2027-09-03
PH-022,B1660,Hubballi,AMB,85,2025-10-06,2027-09-26
PH-023,B1663,Bengaluru,AMB,93,2026-05-03,2028-04-22
PH-023,B1671,Bengaluru,AMB,122,2025-12-13,2027-12-03
PH-023,B1676,Mysuru,AMB,136,2026-05-09,2028-04-28
PH-023,B1682,Mysuru,AMB,134,2026-07-15,2028-07-04
PH-023,B1690,Hubballi,AMB,54,2026-04-14,2028-04-03
PH-024,B1695,Bengaluru,AMB,35,2026-03-18,2028-03-07
PH-024,B1699,Mysuru,AMB,60,2025-05-10,2027-04-30
PH-024,B1703,Hubballi,AMB,38,2025-05-28,2027-05-18
PH-024,B1707,Hubballi,AMB,56,2025-06-11,2027-06-01
PH-025,B1710,Bengaluru,AMB,76,2025-09-27,2027-09-17
PH-025,B1716,Mysuru,AMB,117,2025-07-21,2027-07-11
PH-025,B1724,Hubballi,AMB,134,2025-06-11,2027-06-01
PH-025,B1730,Hubballi,AMB,85,2026-04-28,2028-04-17
PH-026,B1737,Bengaluru,AMB,270,2025-03-24,2027-03-14
PH-026,B1742,Bengaluru,AMB,378,2026-06-02,2028-05-22
PH-026,B1747,Mysuru,AMB,274,2025-11-10,2027-10-31
PH-026,B1750,Mysuru,AMB,308,2025-07-27,2027-07-17
PH-026,B1757,Hubballi,AMB,268,2025-06-04,2027-05-25
PH-027,B1764,Bengaluru,AMB,71,2026-04-21,2028-04-10
PH-027,B1773,Mysuru,AMB,138,2026-02-04,2028-01-25
PH-027,B1781,Hubballi,AMB,71,2026-07-31,2028-07-20
PH-028,B1791,Bengaluru,AMB,84,2025-12-05,2027-11-25
PH-028,B1796,Mysuru,AMB,70,2025-03-28,2027-03-18
PH-028,B1802,Mysuru,AMB,105,2025-12-20,2027-12-10
PH-028,B1806,Hubballi,AMB,83,2026-08-23,2028-08-12
PH-028,B1810,Hubballi,AMB,62,2026-02-15,2028-02-05
PH-029,B1819,Bengaluru,AMB,120,2026-04-03,2028-03-23
PH-029,B1826,Bengaluru,AMB,140,2025-11-17,2027-11-07
PH-029,B1831,Mysuru,AMB,194,2025-06-03,2027-05-24
PH-029,B1837,Hubballi,AMB,166,2026-01-19,2028-01-09
PH-030,B1847,Bengaluru,AMB,38,2026-04-21,2028-04-10
PH-030,B1854,Mysuru,AMB,33,2026-07-05,2028-06-24
PH-030,B1857,Hubballi,AMB,59,2025-07-08,2027-06-28
PH-030,B1862,Hubballi,AMB,42,2026-07-10,2028-06-29
PH-032,B1904,Bengaluru,AMB,39,2025-09-02,2027-08-23
PH-032,B1910,Mysuru,AMB,26,2025-05-26,2027-05-16
PH-032,B1916,Mysuru,AMB,23,2025-11-09,2027-10-30
PH-032,B1922,Hubballi,AMB,34,2025-11-27,2027-11-17
PH-032,B1926,Hubballi,AMB,20,2026-06-23,2028-06-12
PH-033,B1931,Bengaluru,AMB,69,2026-04-04,2028-03-24
PH-033,B1941,Mysuru,AMB,37,2026-05-10,2028-04-29
PH-033,B1948,Mysuru,AMB,33,2026-03-13,2028-03-02
PH-033,B1954,Hubballi,AMB,31,2025-12-16,2027-12-06
PH-033,B1959,Hubballi,AMB,53,2025-11-28,2027-11-18
PH-034,B1968,Bengaluru,AMB,79,2026-09-26,2028-09-15
PH-034,B1977,Bengaluru,AMB,185,2025-04-11,2027-04-01
PH-034,B1981,Mysuru,AMB,131,2025-10-10,2027-09-30
PH-034,B1990,Mysuru,AMB,118,2026-03-21,2028-03-10
PH-034,B1993,Hubballi,AMB,111,2026-10-06,2028-09-25
PH-034,B1997,Hubballi,AMB,119,2026-03-20,2028-03-09
PH-035,B2006,Bengaluru,AMB,103,2026-03-10,2028-02-28
PH-035,B2013,Bengaluru,AMB,191,2026-09-16,2028-09-05
PH-035,B2018,Mysuru,AMB,261,2025-11-02,2027-10-23
PH-035,B2026,Hubballi,AMB,130,2026-07-10,2028-06-29
PH-035,B2033,Hubballi,AMB,151,2026-01-10,2027-12-31
PH-036,B2042,Bengaluru,AMB,213,2025-06-05,2027-05-26
PH-036,B2045,Mysuru,AMB,260,2025-11-20,2027-11-10
PH-036,B2050,Hubballi,AMB,351,2026-10-20,2028-10-09
PH-036,B2055,Hubballi,AMB,256,2025-08-22,2027-08-12
PH-037,B2060,Bengaluru,CR-2,183,2026-09-26,2028-09-15
PH-037,B2070,Bengaluru,CR-1,332,2025-09-01,2027-08-22
PH-037,B2073,Mysuru,CR-2,194,2025-08-10,2027-07-31
PH-037,B2081,Mysuru,CR-2,193,2026-06-24,2028-06-13
PH-037,B2085,Hubballi,CR-2,226,2025-12-06,2027-11-26
PH-037,B2094,Hubballi,CR-1,176,2025-05-21,2027-05-11
PH-038,B2104,Bengaluru,CR-1,183,2026-02-19,2028-02-09
PH-038,B2114,Bengaluru,CR-1,211,2025-12-25,2027-12-15
PH-038,B2122,Mysuru,CR-1,199,2026-07-25,2028-07-14
PH-038,B2130,Mysuru,CR-2,94,2026-02-04,2028-01-25
PH-038,B2139,Hubballi,CR-2,186,2026-02-06,2028-01-27
PH-038,B2149,Hubballi,CR-2,154,2025-05-20,2027-05-10
PH-039,B2158,Bengaluru,CR-1,101,2025-03-10,2027-02-28
PH-039,B2161,Mysuru,CR-1,133,2026-10-19,2028-10-08
PH-039,B2165,Mysuru,CR-2,214,2026-06-11,2028-05-31
PH-039,B2168,Hubballi,CR-1,242,2026-06-08,2028-05-28
PH-040,B2177,Bengaluru,CR-2,269,2025-06-22,2027-06-12
PH-040,B2182,Mysuru,CR-1,147,2026-02-05,2028-01-26
PH-040,B2185,Mysuru,CR-2,192,2026-09-01,2028-08-21
PH-040,B2195,Hubballi,CR-2,271,2025-03-22,2027-03-12
PH-041,B2204,Bengaluru,CR-1,97,2026-05-07,2028-04-26
PH-041,B2214,Bengaluru,CR-1,119,2026-05-08,2028-04-27
PH-041,B2217,Mysuru,CR-2,83,2026-04-19,2028-04-08
PH-041,B2225,Hubballi,CR-1,51,2025-08-20,2027-08-10
PH-042,B2234,Bengaluru,CR-2,56,2026-10-16,2028-10-05
PH-042,B2238,Mysuru,CR-1,87,2026-05-09,2028-04-28
PH-042,B2244,Mysuru,CR-2,97,2025-10-30,2027-10-20
PH-042,B2250,Hubballi,CR-1,109,2026-02-27,2028-02-17
PH-044,B2295,Bengaluru,AMB,224,2025-05-11,2027-05-01
PH-044,B2305,Mysuru,AMB,193,2025-05-21,2027-05-11
PH-044,B2310,Hubballi,AMB,298,2025-08-29,2027-08-19
PH-044,B2315,Hubballi,AMB,145,2026-09-24,2028-09-13
PH-045,B2318,Bengaluru,AMB,11,2025-10-27,2027-10-17
PH-045,B2324,Mysuru,AMB,13,2026-08-25,2028-08-14
PH-045,B2331,Hubballi,AMB,14,2026-01-17,2028-01-07
PH-045,B2338,Hubballi,AMB,11,2025-04-20,2027-04-10
PH-046,B2343,Bengaluru,AMB,40,2026-09-04,2028-08-24
PH-046,B2352,Bengaluru,AMB,39,2026-02-12,2028-02-02
PH-046,B2360,Mysuru,AMB,72,2025-10-09,2027-09-29
PH-046,B2367,Hubballi,AMB,96,2025-03-11,2027-03-01
PH-047,B2374,Bengaluru,AMB,27,2026-10-01,2028-09-20
PH-047,B2383,Mysuru,AMB,27,2025-09-09,2027-08-30
PH-047,B2386,Hubballi,AMB,27,2025-05-18,2027-05-08
PH-047,B2393,Hubballi,AMB,23,2026-08-18,2028-08-07
PH-048,B2399,Bengaluru,AMB,85,2025-09-06,2027-08-27
PH-048,B2404,Bengaluru,AMB,48,2026-08-16,2028-08-05
PH-048,B2414,Mysuru,AMB,39,2025-03-18,2027-03-08
PH-048,B2423,Mysuru,AMB,58,2026-05-23,2028-05-12
PH-048,B2430,Hubballi,AMB,76,2026-04-01,2028-03-21
PH-048,B2436,Hubballi,AMB,60,2026-06-08,2028-05-28
PH-049,B2442,Bengaluru,AMB,55,2025-10-09,2027-09-29
PH-049,B2451,Bengaluru,AMB,98,2026-06-09,2028-05-29
PH-049,B2457,Mysuru,AMB,56,2026-04-20,2028-04-09
PH-049,B2466,Hubballi,AMB,69,2025-04-06,2027-03-27
PH-050,B2475,Bengaluru,AMB,122,2025-08-19,2027-08-09
PH-050,B2480,Bengaluru,AMB,118,2026-09-23,2028-09-12
PH-050,B2486,Mysuru,AMB,231,2026-06-02,2028-05-22
PH-050,B2491,Mysuru,AMB,117,2025-04-21,2027-04-11
PH-050,B2501,Hubballi,AMB,237,2025-07-15,2027-07-05
PH-050,B2505,Hubballi,AMB,148,2026-04-28,2028-04-17
PH-051,B2508,Bengaluru,AMB,279,2025-08-30,2027-08-20
PH-051,B2511,Bengaluru,AMB,120,2025-12-30,2027-12-20
PH-051,B2519,Mysuru,AMB,123,2026-07-04,2028-06-23
PH-051,B2523,Hubballi,AMB,276,2026-05-18,2028-05-07
PH-051,B2531,Hubballi,AMB,187,2026-06-04,2028-05-24
PH-052,B2537,Bengaluru,AMB,303,2026-05-29,2028-05-18
PH-052,B2541,Bengaluru,AMB,423,2025-08-28,2027-08-18
PH-052,B2547,Mysuru,AMB,360,2026-01-15,2028-01-05
PH-052,B2552,Mysuru,AMB,291,2026-06-11,2028-05-31
PH-052,B2561,Hubballi,AMB,231,2025-05-15,2027-05-05
PH-053,B2568,Bengaluru,AMB,114,2026-03-12,2028-03-01
PH-053,B2572,Mysuru,AMB,83,2025-04-28,2027-04-18
PH-053,B2576,Mysuru,AMB,59,2025-03-03,2027-02-21
PH-053,B2585,Hubballi,AMB,68,2026-09-06,2028-08-26
PH-054,B2593,Bengaluru,AMB,69,2026-04-19,2028-04-08
PH-054,B2597,Bengaluru,AMB,36,2026-10-16,2028-10-05
PH-054,B2605,Mysuru,AMB,52,2026-04-11,2028-03-31
PH-054,B2614,Hubballi,AMB,87,2026-08-10,2028-07-30
PH-054,B2622,Hubballi,AMB,51,2026-05-14,2028-05-03
PH-055,B2632,Bengaluru,CR-1,8,2025-07-15,2027-07-05
PH-055,B2637,Bengaluru,CR-1,13,2025-10-28,2027-10-18
PH-055,B2642,Mysuru,CR-2,13,2025-07-20,2027-07-10
PH-055,B2648,Hubballi,CR-2,11,2026-10-22,2028-10-11
PH-056,B2658,Bengaluru,CR-1,42,2026-09-30,2028-09-19
PH-056,B2665,Mysuru,CR-2,41,2025-05-18,2027-05-08
PH-056,B2675,Mysuru,CR-2,17,2026-06-26,2028-06-15
PH-056,B2680,Hubballi,CR-2,32,2025-06-07,2027-05-28
PH-057,B2683,Bengaluru,CR-1,74,2026-08-09,2028-07-29
PH-057,B2693,Mysuru,CR-1,142,2025-05-27,2027-05-17
PH-057,B2700,Hubballi,CR-2,156,2026-03-12,2028-03-01
PH-058,B2710,Bengaluru,AMB,78,2026-07-05,2028-06-24
PH-058,B2719,Bengaluru,AMB,81,2026-03-08,2028-02-26
PH-058,B2726,Mysuru,AMB,71,2025-07-09,2027-06-29
PH-058,B2733,Hubballi,AMB,174,2026-07-26,2028-07-15
PH-058,B2740,Hubballi,AMB,156,2025-10-05,2027-09-25
PH-059,B2748,Bengaluru,AMB,25,2025-12-16,2027-12-06
PH-059,B2758,Bengaluru,AMB,33,2025-10-17,2027-10-07
PH-059,B2761,Mysuru,AMB,21,2025-05-20,2027-05-10
PH-059,B2769,Mysuru,AMB,25,2025-10-31,2027-10-21
PH-059,B2773,Hubballi,AMB,33,2025-12-01,2027-11-21
PH-060,B2782,Bengaluru,AMB,24,2025-04-25,2027-04-15
PH-060,B2787,Bengaluru,AMB,38,2025-10-18,2027-10-08
PH-060,B2794,Mysuru,AMB,15,2025-06-01,2027-05-22
PH-060,B2800,Hubballi,AMB,38,2026-07-15,2028-07-04
PH-060,B2806,Hubballi,AMB,16,2026-04-27,2028-04-16
PH-061,B2813,Bengaluru,AMB,128,2025-09-13,2027-09-03
PH-061,B2819,Bengaluru,AMB,204,2025-10-10,2027-09-30
PH-061,B2827,Mysuru,AMB,146,2025-06-21,2027-06-11
PH-061,B2836,Hubballi,AMB,114,2026-06-17,2028-06-06
PH-061,B2841,Hubballi,AMB,78,2025-09-15,2027-09-05
PH-062,B2851,Bengaluru,AMB,71,2026-04-08,2028-03-28
PH-062,B2854,Bengaluru,AMB,111,2025-10-09,2027-09-29
PH-062,B2864,Mysuru,AMB,116,2025-09-25,2027-09-15
PH-062,B2868,Hubballi,AMB,101,2025-11-18,2027-11-08
PH-062,B2874,Hubballi,AMB,91,2025-05-03,2027-04-23
PH-063,B2878,Bengaluru,AMB,117,2026-04-24,2028-04-13
PH-063,B2888,Bengaluru,AMB,100,2026-08-05,2028-07-25
PH-063,B2891,Mysuru,AMB,106,2025-07-31,2027-07-21
PH-063,B2899,Hubballi,AMB,111,2026-10-10,2028-09-29
PH-064,B2907,Bengaluru,AMB,175,2026-01-05,2027-12-26
PH-064,B2915,Bengaluru,AMB,294,2026-02-24,2028-02-14
PH-064,B2918,Mysuru,AMB,194,2026-09-22,2028-09-11
PH-064,B2925,Hubballi,AMB,188,2025-04-29,2027-04-19
PH-064,B2928,Hubballi,AMB,131,2025-10-22,2027-10-12
PH-065,B2938,Bengaluru,AMB,281,2025-11-26,2027-11-16
PH-065,B2948,Mysuru,AMB,376,2026-02-03,2028-01-24
PH-065,B2957,Hubballi,AMB,435,2026-01-06,2027-12-27
PH-066,B2960,Bengaluru,AMB,90,2025-09-09,2027-08-30
PH-066,B2964,Bengaluru,AMB,81,2025-07-20,2027-07-10
PH-066,B2967,Mysuru,AMB,45,2025-07-26,2027-07-16
PH-066,B2972,Mysuru,AMB,61,2025-10-01,2027-09-21
PH-066,B2975,Hubballi,AMB,38,2025-05-20,2027-05-10
PH-067,B2981,Bengaluru,AMB,273,2025-04-15,2027-04-05
PH-067,B2989,Bengaluru,AMB,254,2026-03-01,2028-02-19
PH-067,B2997,Mysuru,AMB,237,2026-07-10,2028-06-29
PH-067,B3007,Hubballi,AMB,191,2025-10-18,2027-10-08
PH-068,B3010,Bengaluru,AMB,36,2026-09-22,2028-09-11
PH-068,B3015,Bengaluru,AMB,79,2025-06-30,2027-06-20
PH-068,B3020,Mysuru,AMB,58,2025-11-11,2027-11-01
PH-068,B3025,Mysuru,AMB,71,2025-11-06,2027-10-27
PH-068,B3028,Hubballi,AMB,50,2025-09-12,2027-09-02
PH-068,B3036,Hubballi,AMB,63,2026-01-01,2027-12-22
PH-069,B3039,Bengaluru,AMB,139,2025-10-26,2027-10-16
PH-069,B3043,Bengaluru,AMB,137,2026-10-09,2028-09-28
PH-069,B3049,Mysuru,AMB,186,2026-02-10,2028-01-31
PH-069,B3058,Mysuru,AMB,218,2026-01-07,2027-12-28
PH-069,B3065,Hubballi,AMB,153,2026-10-22,2028-10-11
PH-069,B3069,Hubballi,AMB,86,2025-06-24,2027-06-14
PH-070,B3078,Bengaluru,AMB,48,2026-10-16,2028-10-05
PH-070,B3087,Bengaluru,AMB,45,2025-07-22,2027-07-12
PH-070,B3095,Mysuru,AMB,22,2025-12-17,2027-12-07
PH-070,B3098,Hubballi,AMB,27,2026-03-02,2028-02-20
PH-070,B3103,Hubballi,AMB,51,2025-04-10,2027-03-31
PH-071,B3112,Bengaluru,AMB,80,2025-07-18,2027-07-08
PH-071,B3118,Mysuru,AMB,85,2026-05-31,2028-05-20
PH-071,B3125,Mysuru,AMB,64,2026-07-18,2028-07-07
PH-071,B3134,Hubballi,AMB,54,2026-06-19,2028-06-08
PH-072,B3141,Bengaluru,AMB,53,2026-08-06,2028-07-26
PH-072,B3150,Mysuru,AMB,98,2026-09-05,2028-08-25
PH-072,B3155,Hubballi,AMB,53,2026-07-22,2028-07-11
PH-073,B3160,Bengaluru,AMB,157,2026-08-31,2028-08-20
PH-073,B3165,Mysuru,AMB,111,2026-07-11,2028-06-30
PH-073,B3172,Hubballi,AMB,136,2026-07-25,2028-07-14
PH-073,B3177,Hubballi,AMB,266,2026-03-29,2028-03-18
PH-074,B3184,Bengaluru,AMB,77,2026-03-25,2028-03-14
PH-074,B3190,Bengaluru,AMB,138,2026-09-25,2028-09-14
PH-074,B3193,Mysuru,AMB,148,2026-06-27,2028-06-16
PH-074,B3203,Mysuru,AMB,101,2025-03-02,2027-02-20
PH-074,B3206,Hubballi,AMB,94,2026-02-09,2028-01-30
PH-075,B3212,Bengaluru,AMB,134,2025-06-10,2027-05-31
PH-075,B3219,Bengaluru,AMB,103,2025-08-15,2027-08-05
PH-075,B3224,Mysuru,AMB,53,2025-12-05,2027-11-25
PH-075,B3227,Mysuru,AMB,102,2025-08-13,2027-08-03
PH-075,B3237,Hubballi,AMB,85,2026-10-24,2028-10-13
PH-004,B2231,Bengaluru,AMB,180,2026-04-30,2028-04-19
PH-004,B2240,Bengaluru,AMB,400,2026-08-18,2028-08-07
PH-004,B2219,Mysuru,AMB,150,2026-03-01,2028-02-19
PH-004,B2219,Hubballi,AMB,120,2026-03-01,2028-02-19
PH-031,CS-7731,Bengaluru,AMB,900,2024-12-24,2026-12-24
PH-031,CS-7790,Bengaluru,AMB,300,2026-04-30,2028-04-29
PH-031,CS-7790,Mysuru,AMB,200,2026-04-30,2028-04-29
PH-031,CS-7790,Hubballi,AMB,180,2026-04-30,2028-04-29
PH-013,IG-3302,Bengaluru,CR-1,70,2026-07-19,2027-07-14
PH-013,IG-3302,Mysuru,CR-2,30,2026-07-19,2027-07-14
PH-013,IG-3302,Hubballi,CR-1,20,2026-07-19,2027-07-14
PH-001,P-5501,Bengaluru,AMB,1200,2025-03-26,2027-03-16
PH-001,P-5560,Bengaluru,AMB,2600,2025-12-21,2027-12-21
PH-001,P-5560,Mysuru,AMB,900,2025-12-21,2027-12-21
PH-001,P-5560,Hubballi,AMB,800,2025-12-21,2027-12-21
PH-043,VD-1180,Bengaluru,AMB,5,2024-12-06,2026-11-26
PH-043,VD-1201,Bengaluru,AMB,600,2026-08-08,2028-07-28
PH-043,VD-1201,Mysuru,AMB,200,2026-08-08,2028-07-28
PH-043,VD-1201,Hubballi,AMB,200,2026-08-08,2028-07-28
