date,customer,sku,batch,qty
2026-09-15,HOSP-Victoria,SKU-AMOX-500,B2231,80
2026-09-18,HOSP-Manipal-East,SKU-AMOX-500,B2231,60
2026-09-13,CHEM-Bengaluru-001,SKU-AMOX-500,B2231,20
2026-09-14,CHEM-Bengaluru-002,SKU-AMOX-500,B2231,20
2026-09-15,CHEM-Bengaluru-003,SKU-AMOX-500,B2231,20
2026-09-16,CHEM-Bengaluru-004,SKU-AMOX-500,B2231,20
2026-09-17,CHEM-Bengaluru-005,SKU-AMOX-500,B2231,20
2026-09-18,CHEM-Bengaluru-006,SKU-AMOX-500,B2231,20
2026-09-19,CHEM-Bengaluru-007,SKU-AMOX-500,B2231,20
2026-09-20,CHEM-Bengaluru-008,SKU-AMOX-500,B2231,20
2026-09-21,CHEM-Bengaluru-009,SKU-AMOX-500,B2231,20
2026-09-22,CHEM-Bengaluru-010,SKU-AMOX-500,B2231,20
2026-09-23,CHEM-Bengaluru-011,SKU-AMOX-500,B2231,20
2026-09-24,CHEM-Bengaluru-012,SKU-AMOX-500,B2231,20
2026-09-25,CHEM-Bengaluru-013,SKU-AMOX-500,B2231,20
2026-09-26,CHEM-Bengaluru-014,SKU-AMOX-500,B2231,20
2026-09-27,CHEM-Bengaluru-015,SKU-AMOX-500,B2231,20
2026-09-28,CHEM-Bengaluru-016,SKU-AMOX-500,B2231,20
2026-09-29,CHEM-Bengaluru-017,SKU-AMOX-500,B2231,20
2026-09-30,CHEM-Bengaluru-018,SKU-AMOX-500,B2231,20
2026-10-01,CHEM-Bengaluru-019,SKU-AMOX-500,B2231,20
2026-10-02,CHEM-Bengaluru-020,SKU-AMOX-500,B2231,20
2026-10-03,CHEM-Bengaluru-021,SKU-AMOX-500,B2231,30
2026-10-04,CHEM-Bengaluru-022,SKU-AMOX-500,B2231,30
2026-10-05,CHEM-Bengaluru-023,SKU-AMOX-500,B2231,40
2026-09-20,HOSP-KIMS-Hubballi,SKU-PARA-650,B3011,300
2026-09-25,CHEM-Regional-024,SKU-PARA-650,B3011,150
2026-10-02,HOSP-Victoria,SKU-INS-REG,B1092,40
