date,warehouse,sku,qty
2026-04-01,WH-Central-Bengaluru,SKU-AMOX-500,270
2026-04-01,WH-North-Hubballi,SKU-AMOX-500,112
2026-04-01,WH-South-Mysuru,SKU-AMOX-500,67
2026-05-01,WH-Central-Bengaluru,SKU-AMOX-500,288
2026-05-01,WH-North-Hubballi,SKU-AMOX-500,120
2026-05-01,WH-South-Mysuru,SKU-AMOX-500,72
2026-06-01,WH-Central-Bengaluru,SKU-AMOX-500,312
2026-06-01,WH-North-Hubballi,SKU-AMOX-500,130
2026-06-01,WH-South-Mysuru,SKU-AMOX-500,78
2026-07-01,WH-Central-Bengaluru,SKU-AMOX-500,390
2026-07-01,WH-North-Hubballi,SKU-AMOX-500,162
2026-07-01,WH-South-Mysuru,SKU-AMOX-500,97
2026-08-01,WH-Central-Bengaluru,SKU-AMOX-500,426
2026-08-01,WH-North-Hubballi,SKU-AMOX-500,177
2026-08-01,WH-South-Mysuru,SKU-AMOX-500,106
2026-09-01,WH-Central-Bengaluru,SKU-AMOX-500,408
2026-09-01,WH-North-Hubballi,SKU-AMOX-500,170
2026-09-01,WH-South-Mysuru,SKU-AMOX-500,102
2026-04-01,WH-Central-Bengaluru,SKU-PARA-650,1080
2026-04-01,WH-North-Hubballi,SKU-PARA-650,450
2026-04-01,WH-South-Mysuru,SKU-PARA-650,270
2026-05-01,WH-Central-Bengaluru,SKU-PARA-650,1140
2026-05-01,WH-North-Hubballi,SKU-PARA-650,475
2026-05-01,WH-South-Mysuru,SKU-PARA-650,285
2026-06-01,WH-Central-Bengaluru,SKU-PARA-650,1260
2026-06-01,WH-North-Hubballi,SKU-PARA-650,525
2026-06-01,WH-South-Mysuru,SKU-PARA-650,315
2026-07-01,WH-Central-Bengaluru,SKU-PARA-650,1920
2026-07-01,WH-North-Hubballi,SKU-PARA-650,800
2026-07-01,WH-South-Mysuru,SKU-PARA-650,480
2026-08-01,WH-Central-Bengaluru,SKU-PARA-650,2280
2026-08-01,WH-North-Hubballi,SKU-PARA-650,950
2026-08-01,WH-South-Mysuru,SKU-PARA-650,570
2026-09-01,WH-Central-Bengaluru,SKU-PARA-650,1860
2026-09-01,WH-North-Hubballi,SKU-PARA-650,775
2026-09-01,WH-South-Mysuru,SKU-PARA-650,465
2026-04-01,WH-Central-Bengaluru,SKU-INS-REG,168
2026-04-01,WH-North-Hubballi,SKU-INS-REG,70
2026-04-01,WH-South-Mysuru,SKU-INS-REG,42
2026-05-01,WH-Central-Bengaluru,SKU-INS-REG,174
2026-05-01,WH-North-Hubballi,SKU-INS-REG,72
2026-05-01,WH-South-Mysuru,SKU-INS-REG,43
2026-06-01,WH-Central-Bengaluru,SKU-INS-REG,165
2026-06-01,WH-North-Hubballi,SKU-INS-REG,68
2026-06-01,WH-South-Mysuru,SKU-INS-REG,41
2026-07-01,WH-Central-Bengaluru,SKU-INS-REG,180
2026-07-01,WH-North-Hubballi,SKU-INS-REG,75
2026-07-01,WH-South-Mysuru,SKU-INS-REG,45
2026-08-01,WH-Central-Bengaluru,SKU-INS-REG,186
2026-08-01,WH-North-Hubballi,SKU-INS-REG,77
2026-08-01,WH-South-Mysuru,SKU-INS-REG,46
2026-09-01,WH-Central-Bengaluru,SKU-INS-REG,177
2026-09-01,WH-North-Hubballi,SKU-INS-REG,73
2026-09-01,WH-South-Mysuru,SKU-INS-REG,44
2026-04-01,WH-Central-Bengaluru,SKU-RAB-VAX,54
2026-04-01,WH-North-Hubballi,SKU-RAB-VAX,22
2026-04-01,WH-South-Mysuru,SKU-RAB-VAX,13
2026-05-01,WH-Central-Bengaluru,SKU-RAB-VAX,51
2026-05-01,WH-North-Hubballi,SKU-RAB-VAX,21
2026-05-01,WH-South-Mysuru,SKU-RAB-VAX,12
2026-06-01,WH-Central-Bengaluru,SKU-RAB-VAX,57
2026-06-01,WH-North-Hubballi,SKU-RAB-VAX,23
2026-06-01,WH-South-Mysuru,SKU-RAB-VAX,14
2026-07-01,WH-Central-Bengaluru,SKU-RAB-VAX,60
2026-07-01,WH-North-Hubballi,SKU-RAB-VAX,25
2026-07-01,WH-South-Mysuru,SKU-RAB-VAX,15
2026-08-01,WH-Central-Bengaluru,SKU-RAB-VAX,66
2026-08-01,WH-North-Hubballi,SKU-RAB-VAX,27
2026-08-01,WH-South-Mysuru,SKU-RAB-VAX,16
2026-09-01,WH-Central-Bengaluru,SKU-RAB-VAX,57
2026-09-01,WH-North-Hubballi,SKU-RAB-VAX,23
2026-09-01,WH-South-Mysuru,SKU-RAB-VAX,14
2026-04-01,WH-Central-Bengaluru,SKU-AZI-250,210
2026-04-01,WH-North-Hubballi,SKU-AZI-250,87
2026-04-01,WH-South-Mysuru,SKU-AZI-250,52
2026-05-01,WH-Central-Bengaluru,SKU-AZI-250,216
2026-05-01,WH-North-Hubballi,SKU-AZI-250,90
2026-05-01,WH-South-Mysuru,SKU-AZI-250,54
2026-06-01,WH-Central-Bengaluru,SKU-AZI-250,246
2026-06-01,WH-North-Hubballi,SKU-AZI-250,102
2026-06-01,WH-South-Mysuru,SKU-AZI-250,61
2026-07-01,WH-Central-Bengaluru,SKU-AZI-250,348
2026-07-01,WH-North-Hubballi,SKU-AZI-250,145
2026-07-01,WH-South-Mysuru,SKU-AZI-250,87
2026-08-01,WH-Central-Bengaluru,SKU-AZI-250,372
2026-08-01,WH-North-Hubballi,SKU-AZI-250,155
2026-08-01,WH-South-Mysuru,SKU-AZI-250,93
2026-09-01,WH-Central-Bengaluru,SKU-AZI-250,354
2026-09-01,WH-North-Hubballi,SKU-AZI-250,147
2026-09-01,WH-South-Mysuru,SKU-AZI-250,88
