warehouse,cold_room,timestamp,temp_c
WH-Central-Bengaluru,CR-01,2026-10-07T00:00:00,4.0
WH-Central-Bengaluru,CR-01,2026-10-07T02:00:00,4.8
WH-Central-Bengaluru,CR-01,2026-10-07T04:00:00,4.4
WH-Central-Bengaluru,CR-01,2026-10-07T06:00:00,4.0
WH-Central-Bengaluru,CR-01,2026-10-07T08:00:00,4.8
WH-Central-Bengaluru,CR-01,2026-10-07T10:00:00,4.4
WH-Central-Bengaluru,CR-01,2026-10-07T12:00:00,4.0
WH-Central-Bengaluru,CR-01,2026-10-07T14:00:00,4.8
WH-Central-Bengaluru,CR-01,2026-10-07T16:00:00,4.4
WH-Central-Bengaluru,CR-01,2026-10-07T18:00:00,4.0
WH-Central-Bengaluru,CR-01,2026-10-07T20:00:00,4.8
WH-Central-Bengaluru,CR-01,2026-10-07T22:00:00,4.4
WH-Central-Bengaluru,CR-01,2026-10-08T00:00:00,4.5
WH-Central-Bengaluru,CR-01,2026-10-08T02:00:00,7.8
WH-Central-Bengaluru,CR-01,2026-10-08T03:00:00,11.2
WH-Central-Bengaluru,CR-01,2026-10-08T04:00:00,12.6
WH-Central-Bengaluru,CR-01,2026-10-08T05:00:00,11.8
WH-Central-Bengaluru,CR-01,2026-10-08T06:00:00,8.5
WH-Central-Bengaluru,CR-01,2026-10-08T08:00:00,4.8
WH-Central-Bengaluru,CR-01,2026-10-08T10:00:00,4.2
WH-North-Hubballi,CR-02,2026-10-08T00:00:00,3.8
WH-North-Hubballi,CR-02,2026-10-08T04:00:00,3.8
WH-North-Hubballi,CR-02,2026-10-08T08:00:00,3.8
WH-North-Hubballi,CR-02,2026-10-08T12:00:00,3.8
WH-North-Hubballi,CR-02,2026-10-08T16:00:00,3.8
WH-North-Hubballi,CR-02,2026-10-08T20:00:00,3.8
